{"duration": 4.476720333099365, "input_args": {"selected_features": "array([ 0,  3,  5,  7,  8,  9, 11, 13, 17, 18, 20], dtype=int64)"}, "time": 1735501335.7760553}