{"duration": 4.8015220165252686, "input_args": {"selected_features": "array([ 3,  4,  7,  8,  9, 10, 15, 16, 17, 19], dtype=int64)"}, "time": 1735500701.166193}