{"duration": 4.143715143203735, "input_args": {"selected_features": "array([ 0,  2,  3,  7,  9, 10, 11, 15, 17, 18, 20], dtype=int64)"}, "time": 1735501393.7936535}