{"duration": 4.72429084777832, "input_args": {"selected_features": "array([ 0,  2,  5,  7,  8, 16, 17, 19, 20], dtype=int64)"}, "time": 1735500465.286699}