{"duration": 4.180450439453125, "input_args": {"selected_features": "array([ 0,  2,  3,  7,  8, 11, 17, 18, 20], dtype=int64)"}, "time": 1735501377.7655194}