{"duration": 4.888084888458252, "input_args": {"selected_features": "array([ 4,  6,  7,  8,  9, 11, 12, 15, 18], dtype=int64)"}, "time": 1735501647.708748}