{"duration": 3.9232728481292725, "input_args": {"selected_features": "array([ 0,  2,  3,  7, 10, 11, 17, 18, 20], dtype=int64)"}, "time": 1735501385.4977474}