{"duration": 4.682198524475098, "input_args": {"selected_features": "array([ 0,  1,  2,  7, 13, 16, 17, 18, 19, 20], dtype=int64)"}, "time": 1735500441.6709707}