AUC,FPR,TPR
0.6382575757575758,0.0,0.0
0.6382575757575758,0.06818181818181818,0.16666666666666666
0.6382575757575758,0.22727272727272727,0.5
0.6382575757575758,1.0,1.0
