{"duration": 4.344773769378662, "input_args": {"selected_features": "array([ 0,  4,  9, 10, 13, 14, 17, 19, 20], dtype=int64)"}, "time": 1735500615.9458532}