{"duration": 4.329840660095215, "input_args": {"selected_features": "array([ 0,  3,  5,  7,  8,  9, 11, 12, 13, 16, 17, 19], dtype=int64)"}, "time": 1735501267.0250254}