{"duration": 5.132781028747559, "input_args": {"selected_features": "array([ 0,  1,  2,  5,  7,  8, 16, 17, 19, 20], dtype=int64)"}, "time": 1735500470.4210815}