{"duration": 4.371072769165039, "input_args": {"selected_features": "array([ 1, 10, 11, 14, 16, 17, 19], dtype=int64)"}, "time": 1735500550.8349411}