{"duration": 4.915847301483154, "input_args": {"selected_features": "array([ 3,  4,  7,  8,  9, 10, 15, 17, 19], dtype=int64)"}, "time": 1735500706.0840404}