{"duration": 5.038012742996216, "input_args": {"selected_features": "array([ 0,  1,  4,  8,  9, 10, 12, 13, 14, 17, 19], dtype=int64)"}, "time": 1735500588.800522}