{"duration": 4.705528020858765, "input_args": {"selected_features": "array([ 1,  5,  8, 10, 11, 13, 17, 19, 20], dtype=int64)"}, "time": 1735500514.3043482}