{"duration": 4.827870845794678, "input_args": {"selected_features": "array([ 3,  5,  7,  8,  9, 10, 11, 12, 15, 16, 17, 18, 19, 20],\n      dtype=int64)"}, "time": 1735501434.3224037}