{"duration": 4.7705535888671875, "input_args": {"selected_features": "array([ 4,  6,  8, 10, 15, 17, 19], dtype=int64)"}, "time": 1735500771.741141}