{"duration": 4.658362865447998, "input_args": {"selected_features": "array([ 2,  3,  5,  6,  7,  9, 10, 11, 15, 16, 17, 19], dtype=int64)"}, "time": 1735501535.8784184}