{"duration": 5.5846171379089355, "input_args": {"selected_features": "array([ 0,  4,  6,  8, 10, 11, 14, 15, 17, 19], dtype=int64)"}, "time": 1735500787.3920004}