{"duration": 4.9244225025177, "input_args": {"selected_features": "array([ 0,  1,  8,  9, 10, 12, 13, 14, 17, 19], dtype=int64)"}, "time": 1735500583.7615094}