{"duration": 4.546478271484375, "input_args": {"selected_features": "array([ 1,  9, 10, 11, 14, 16, 17, 19], dtype=int64)"}, "time": 1735500555.3844805}