{"duration": 4.751121520996094, "input_args": {"selected_features": "array([ 0,  3,  5,  6,  7,  8, 11, 13, 17, 18, 20], dtype=int64)"}, "time": 1735501349.1517088}