{"duration": 4.549429893493652, "input_args": {"selected_features": "array([ 3,  5,  7,  8,  9, 10, 12, 13, 15, 16, 17, 18, 19, 20],\n      dtype=int64)"}, "time": 1735501453.0134304}