{"duration": 5.279975175857544, "input_args": {"selected_features": "array([ 1,  4,  6, 10, 15, 17, 19], dtype=int64)"}, "time": 1735500733.8549616}