{"duration": 4.558323621749878, "input_args": {"selected_features": "array([ 0,  1,  4, 10, 12, 13, 14, 17, 19, 20], dtype=int64)"}, "time": 1735500602.4274716}