{"duration": 5.0808422565460205, "input_args": {"selected_features": "array([ 4,  5,  6,  7,  8,  9, 11, 12, 15, 17, 18], dtype=int64)"}, "time": 1735501637.9329903}