{"duration": 4.851934194564819, "input_args": {"selected_features": "array([ 1,  2,  5,  8, 10, 17, 19, 20], dtype=int64)"}, "time": 1735500500.370899}