{"duration": 4.200071811676025, "input_args": {"selected_features": "array([ 0,  3,  7,  8,  9, 11, 12, 15, 16, 17, 20], dtype=int64)"}, "time": 1735501583.831434}