{"duration": 4.303481817245483, "input_args": {"selected_features": "array([ 0,  2,  3,  7,  8, 11, 14, 17, 18, 20], dtype=int64)"}, "time": 1735501373.5830686}