{"duration": 4.7615721225738525, "input_args": {"selected_features": "array([ 0,  2,  3,  5,  6,  7,  9, 10, 11, 15, 16, 17, 19], dtype=int64)"}, "time": 1735501540.6528246}