{"duration": 3.8521933555603027, "input_args": {"selected_features": "array([ 3,  7,  9, 11, 12, 13, 17, 18, 20], dtype=int64)"}, "time": 1735501319.1680593}