{"duration": 4.396841049194336, "input_args": {"selected_features": "array([ 0,  3,  7,  8,  9, 11, 12, 13, 15, 17, 19], dtype=int64)"}, "time": 1735501280.45994}