{"duration": 4.848613977432251, "input_args": {"selected_features": "array([ 0,  3,  5,  7,  9, 10, 11, 12, 15, 16, 17, 18, 19, 20],\n      dtype=int64)"}, "time": 1735501425.0937765}