{"duration": 4.6799235343933105, "input_args": {"selected_features": "array([ 3,  5,  7,  8,  9, 10, 12, 13, 14, 15, 16, 17, 18, 19],\n      dtype=int64)"}, "time": 1735501462.275051}