{"duration": 6.148102045059204, "input_args": {"selected_features": "array([ 0,  4,  6,  8,  9, 10, 11, 14, 15, 17, 19], dtype=int64)"}, "time": 1735500793.5420997}