{"duration": 4.324691534042358, "input_args": {"selected_features": "array([ 3,  5,  7,  8,  9, 11, 12, 13, 17, 19], dtype=int64)"}, "time": 1735501284.8096306}