{"duration": 4.837681293487549, "input_args": {"selected_features": "array([ 3,  5,  6,  7,  9, 10, 11, 16, 17, 19], dtype=int64)"}, "time": 1735501526.5089643}