{"duration": 4.7435033321380615, "input_args": {"selected_features": "array([ 0,  3,  5,  7,  9, 10, 11, 15, 16, 17, 18, 19, 20], dtype=int64)"}, "time": 1735501420.2431629}