{"duration": 5.177600622177124, "input_args": {"selected_features": "array([ 0,  1,  2,  4,  5,  7,  8, 16, 17, 19, 20], dtype=int64)"}, "time": 1735500475.5996888}