{"duration": 4.73852014541626, "input_args": {"selected_features": "array([ 3,  4,  8,  9, 10, 15, 16, 17], dtype=int64)"}, "time": 1735500691.522091}