{"duration": 4.386054039001465, "input_args": {"selected_features": "array([ 3,  5,  7,  9, 10, 11, 12, 15, 16, 17, 18, 19, 20], dtype=int64)"}, "time": 1735501429.4818304}