{"duration": 4.546880722045898, "input_args": {"selected_features": "array([ 0,  1,  4,  9, 10, 12, 13, 14, 17, 19], dtype=int64)"}, "time": 1735500593.3484063}