{"duration": 4.480567693710327, "input_args": {"selected_features": "array([ 4,  8,  9, 10, 13, 14, 17, 19, 20], dtype=int64)"}, "time": 1735500645.5767353}