{"duration": 5.081746816635132, "input_args": {"selected_features": "array([ 0,  4,  7,  8,  9, 10, 13, 14, 15, 17, 19, 20], dtype=int64)"}, "time": 1735500631.0882587}