{"duration": 4.850505352020264, "input_args": {"selected_features": "array([ 4,  8,  9, 10, 16, 17], dtype=int64)"}, "time": 1735500681.9908166}