{"duration": 5.911457777023315, "input_args": {"selected_features": "array([ 0,  4,  5,  6,  8,  9, 10, 11, 14, 15, 17], dtype=int64)"}, "time": 1735500805.533722}