{"duration": 5.995346546173096, "input_args": {"selected_features": "array([ 0,  1,  4,  5,  6,  8,  9, 10, 11, 14, 17, 18], dtype=int64)"}, "time": 1735500823.381027}