{"duration": 4.619929552078247, "input_args": {"selected_features": "array([ 0,  3,  5,  7,  8,  9, 11, 12, 17, 19], dtype=int64)"}, "time": 1735501294.0827904}