{"duration": 4.215867042541504, "input_args": {"selected_features": "array([ 4,  6, 10, 15, 17, 19], dtype=int64)"}, "time": 1735500738.0778937}