{"duration": 4.094601631164551, "input_args": {"selected_features": "array([ 4,  8,  9, 10, 17], dtype=int64)"}, "time": 1735500672.4809403}