{"duration": 2.921440839767456, "input_args": {"selected_features": "array([ 6, 12, 15, 16, 17], dtype=int64)"}, "time": 1735501672.136827}