{"duration": 4.431716442108154, "input_args": {"selected_features": "array([ 0,  4,  5,  7,  8,  9, 11, 12, 15, 17, 18, 20], dtype=int64)"}, "time": 1735501622.5517054}