{"duration": 4.749450206756592, "input_args": {"selected_features": "array([ 3,  5,  7,  8,  9, 10, 11, 12, 13, 15, 16, 17, 18, 20],\n      dtype=int64)"}, "time": 1735501443.8465664}