{"duration": 4.641362190246582, "input_args": {"selected_features": "array([ 0,  4,  8,  9, 10, 17], dtype=int64)"}, "time": 1735500677.1243052}