{"duration": 4.869673728942871, "input_args": {"selected_features": "array([ 0,  2,  3,  5,  6,  7,  8, 11, 13, 14, 17, 18, 20], dtype=int64)"}, "time": 1735501359.1011832}