{"duration": 4.647156715393066, "input_args": {"selected_features": "array([ 0,  1,  4,  9, 10, 13, 14, 17, 19, 20], dtype=int64)"}, "time": 1735500611.5990834}