{"duration": 4.838434219360352, "input_args": {"selected_features": "array([ 0,  1,  8,  9, 10, 11, 12, 13, 14, 17, 19], dtype=int64)"}, "time": 1735500578.8360794}