{"duration": 4.823697090148926, "input_args": {"selected_features": "array([ 3,  5,  7,  8,  9, 10, 12, 13, 14, 15, 16, 17, 19], dtype=int64)"}, "time": 1735501467.1007483}