{"duration": 4.932082891464233, "input_args": {"selected_features": "array([ 0,  4,  7,  8,  9, 10, 13, 14, 17, 19, 20], dtype=int64)"}, "time": 1735500636.0223415}