{"duration": 3.3655755519866943, "input_args": {"selected_features": "array([ 4,  6,  9, 12, 15, 16, 17, 18], dtype=int64)"}, "time": 1735501662.6158113}