{"duration": 4.108680009841919, "input_args": {"selected_features": "array([ 3,  5,  7,  9, 11, 12, 13, 17, 18, 20], dtype=int64)"}, "time": 1735501315.314866}