{"duration": 4.586572647094727, "input_args": {"selected_features": "array([ 0,  1,  8,  9, 10, 11, 12, 14, 17, 19], dtype=int64)"}, "time": 1735500573.9956548}