{"duration": 4.660430431365967, "input_args": {"selected_features": "array([ 1,  5,  8, 10, 13, 17, 19, 20], dtype=int64)"}, "time": 1735500509.5968196}