{"duration": 5.099428653717041, "input_args": {"selected_features": "array([ 4,  5,  6,  7,  8,  9, 11, 12, 15, 17, 18, 20], dtype=int64)"}, "time": 1735501632.8501434}