{"duration": 4.294649600982666, "input_args": {"selected_features": "array([ 0,  3,  5,  7,  9, 10, 11, 15, 16, 17, 19, 20], dtype=int64)"}, "time": 1735501554.448698}