{"duration": 5.012583494186401, "input_args": {"selected_features": "array([ 0,  4,  8,  9, 10, 13, 14, 15, 17, 19, 20], dtype=int64)"}, "time": 1735500626.0055115}