{"duration": 4.943750619888306, "input_args": {"selected_features": "array([ 1,  3,  4,  6, 10, 15, 17, 19], dtype=int64)"}, "time": 1735500728.5739865}