{"duration": 4.881781578063965, "input_args": {"selected_features": "array([ 1,  5,  8, 10, 11, 13, 16, 17, 19, 20], dtype=int64)"}, "time": 1735500519.1881378}