{"duration": 4.394565582275391, "input_args": {"selected_features": "array([ 3,  5,  7,  9, 10, 12, 13, 14, 15, 16, 17, 19], dtype=int64)"}, "time": 1735501471.4974494}