{"duration": 5.044074058532715, "input_args": {"selected_features": "array([ 0,  4,  8,  9, 10, 13, 14, 17, 19, 20], dtype=int64)"}, "time": 1735500620.9909275}