{"duration": 4.26401686668396, "input_args": {"selected_features": "array([ 3,  5,  7,  8,  9, 11, 13, 17, 18, 20], dtype=int64)"}, "time": 1735501331.2983348}