{"duration": 4.457523584365845, "input_args": {"selected_features": "array([ 0,  3,  5,  7,  8,  9, 11, 12, 13, 17, 19], dtype=int64)"}, "time": 1735501271.4845486}