{"duration": 4.113908052444458, "input_args": {"selected_features": "array([ 3,  5,  7,  9, 11, 13, 17, 18, 20], dtype=int64)"}, "time": 1735501327.0323172}