{"duration": 3.4469897747039795, "input_args": {"selected_features": "array([ 4,  6,  9, 11, 12, 15, 17, 18], dtype=int64)"}, "time": 1735501655.452583}