{"duration": 6.0017735958099365, "input_args": {"selected_features": "array([ 0,  1,  3,  5,  6,  7,  8,  9, 10, 11, 13, 17, 18], dtype=int64)"}, "time": 1735500853.7113442}