{"duration": 4.707091808319092, "input_args": {"selected_features": "array([ 2,  3,  5,  6,  7,  9, 10, 11, 16, 17, 19], dtype=int64)"}, "time": 1735501531.218055}