{"duration": 6.104643821716309, "input_args": {"selected_features": "array([ 0,  1,  3,  4,  5,  6,  8,  9, 10, 11, 14, 17, 18], dtype=int64)"}, "time": 1735500829.4876716}