{"duration": 4.662163257598877, "input_args": {"selected_features": "array([ 3,  5,  6,  7,  9, 10, 11, 13, 14, 16, 17, 19], dtype=int64)"}, "time": 1735501516.996386}