{"duration": 5.077798128128052, "input_args": {"selected_features": "array([ 0,  2,  3,  5,  6,  7,  8, 11, 13, 17, 18, 20], dtype=int64)"}, "time": 1735501354.2305064}