{"duration": 4.983698606491089, "input_args": {"selected_features": "array([ 4,  6, 10, 11, 15, 17, 18, 19, 20], dtype=int64)"}, "time": 1735500758.3803847}