{"duration": 4.011473655700684, "input_args": {"selected_features": "array([ 3,  5,  7,  9, 10, 11, 15, 17, 18, 20], dtype=int64)"}, "time": 1735501406.4881387}