{"duration": 5.110792875289917, "input_args": {"selected_features": "array([ 0,  3,  5,  6,  7,  8,  9, 11, 12, 13, 16, 17, 19], dtype=int64)"}, "time": 1735501262.6931782}