{"duration": 5.999630689620972, "input_args": {"selected_features": "array([ 0,  1,  3,  5,  6,  7,  8,  9, 10, 11, 13, 17], dtype=int64)"}, "time": 1735500859.712975}