{"duration": 4.953618764877319, "input_args": {"selected_features": "array([ 0,  2,  3,  6,  7,  8, 11, 14, 17, 18, 20], dtype=int64)"}, "time": 1735501369.2765837}