{"duration": 4.6869823932647705, "input_args": {"selected_features": "array([ 0,  3,  5,  7,  9, 10, 11, 15, 17, 18, 19, 20], dtype=int64)"}, "time": 1735501415.4969635}