{"duration": 6.095310688018799, "input_args": {"selected_features": "array([ 0,  1,  3,  4,  5,  6,  8,  9, 10, 11, 13, 17, 18], dtype=int64)"}, "time": 1735500841.773909}