{"duration": 4.577700138092041, "input_args": {"selected_features": "array([ 3,  5,  7,  8,  9, 10, 12, 13, 14, 15, 16, 17, 18, 19, 20],\n      dtype=int64)"}, "time": 1735501457.593135}