{"duration": 4.314132928848267, "input_args": {"selected_features": "array([ 0,  3,  4,  5,  7,  9, 11, 12, 15, 16, 17, 18, 20], dtype=int64)"}, "time": 1735501600.730578}