{"duration": 4.519316911697388, "input_args": {"selected_features": "array([ 3,  5,  7,  8,  9, 11, 12, 13, 17, 20], dtype=int64)"}, "time": 1735501307.0908587}