{"duration": 4.351672172546387, "input_args": {"selected_features": "array([ 0,  3,  5,  7,  8, 11, 12, 13, 17, 18, 20], dtype=int64)"}, "time": 1735501344.3915825}