{"duration": 4.327865839004517, "input_args": {"selected_features": "array([ 3,  5,  7,  9, 10, 11, 12, 14, 15, 16, 17, 18, 19], dtype=int64)"}, "time": 1735501484.6388896}