{"duration": 4.3158392906188965, "input_args": {"selected_features": "array([ 3,  5,  7,  9, 10, 11, 15, 17, 18, 19, 20], dtype=int64)"}, "time": 1735501410.8069785}