{"duration": 4.110330104827881, "input_args": {"selected_features": "array([ 3,  5,  7,  9, 11, 12, 13, 17, 20], dtype=int64)"}, "time": 1735501311.2041864}