{"duration": 4.145339012145996, "input_args": {"selected_features": "array([ 4,  6, 10, 15, 17, 18, 19], dtype=int64)"}, "time": 1735500766.967584}