{"duration": 6.065303325653076, "input_args": {"selected_features": "array([ 0,  4,  5,  6,  8,  9, 10, 11, 14, 15, 17, 19], dtype=int64)"}, "time": 1735500799.6093998}