{"duration": 4.233080148696899, "input_args": {"selected_features": "array([ 0,  3,  7,  8,  9, 11, 12, 16, 17, 20], dtype=int64)"}, "time": 1735501579.629362}