{"duration": 4.584920167922974, "input_args": {"selected_features": "array([ 5, 10, 11, 13, 16, 17, 19, 20], dtype=int64)"}, "time": 1735500528.8247542}