{"duration": 4.574552297592163, "input_args": {"selected_features": "array([ 0,  3,  5,  7,  8,  9, 11, 12, 13, 15, 17, 19], dtype=int64)"}, "time": 1735501276.0610993}