{"duration": 4.457908630371094, "input_args": {"selected_features": "array([ 0,  4,  5,  7,  8,  9, 11, 15, 17, 18, 20], dtype=int64)"}, "time": 1735501618.117985}