{"duration": 5.325169563293457, "input_args": {"selected_features": "array([ 4,  6, 10, 15, 17, 18, 19, 20], dtype=int64)"}, "time": 1735500753.3946834}