{"duration": 4.686241149902344, "input_args": {"selected_features": "array([ 4,  6,  8, 10, 11, 15, 17, 19], dtype=int64)"}, "time": 1735500776.430382}