{"duration": 4.8831164836883545, "input_args": {"selected_features": "array([ 4,  6,  7,  8,  9, 11, 12, 15, 17, 18], dtype=int64)"}, "time": 1735501642.819103}