{"duration": 4.4388649463653564, "input_args": {"selected_features": "array([ 4,  6, 10, 11, 15, 17, 18, 19], dtype=int64)"}, "time": 1735500762.8212495}