{"duration": 4.770710468292236, "input_args": {"selected_features": "array([ 3,  5,  7,  8,  9, 10, 11, 12, 15, 16, 17, 18, 20], dtype=int64)"}, "time": 1735501439.0951138}