{"duration": 4.279451131820679, "input_args": {"selected_features": "array([ 3,  5,  7,  9, 10, 11, 12, 14, 15, 16, 18, 19], dtype=int64)"}, "time": 1735501488.920341}