{"duration": 4.648232698440552, "input_args": {"selected_features": "array([ 3,  5,  7,  8,  9, 11, 12, 17, 19], dtype=int64)"}, "time": 1735501289.459864}