{"duration": 4.507804870605469, "input_args": {"selected_features": "array([ 0,  1,  9, 10, 11, 14, 16, 17, 19], dtype=int64)"}, "time": 1735500559.8942842}