{"duration": 5.745020866394043, "input_args": {"selected_features": "array([ 0,  1,  3,  5,  6,  7,  8, 10, 11, 12, 14, 17, 19], dtype=int64)"}, "time": 1735500889.2463636}