{"duration": 4.477945327758789, "input_args": {"selected_features": "array([ 4,  6, 10, 14, 15, 17, 19], dtype=int64)"}, "time": 1735500742.55784}