{"duration": 4.781629800796509, "input_args": {"selected_features": "array([ 0,  1,  8,  9, 10, 11, 12, 14, 16, 17, 19], dtype=int64)"}, "time": 1735500569.4070814}