{"duration": 4.136876583099365, "input_args": {"selected_features": "array([ 0,  3,  5,  7,  9, 10, 11, 12, 16, 17, 19, 20], dtype=int64)"}, "time": 1735501562.907409}