{"duration": 4.760395526885986, "input_args": {"selected_features": "array([ 4,  8,  9, 10, 12, 13, 17, 19, 20], dtype=int64)"}, "time": 1735500654.9526691}