{"duration": 3.292135000228882, "input_args": {"selected_features": "array([ 6,  9, 12, 15, 16, 17, 18], dtype=int64)"}, "time": 1735501665.908946}