{"duration": 4.640074968338013, "input_args": {"selected_features": "array([ 0,  1,  7, 13, 16, 17, 18, 19, 20], dtype=int64)"}, "time": 1735500436.9867723}