{"duration": 4.515741348266602, "input_args": {"selected_features": "array([ 0,  1,  4, 10, 12, 13, 14, 17, 19], dtype=int64)"}, "time": 1735500597.8661473}