{"duration": 3.794651985168457, "input_args": {"selected_features": "array([ 4,  6,  9, 11, 12, 15, 16, 17, 18], dtype=int64)"}, "time": 1735501659.2482357}