{"duration": 5.501671075820923, "input_args": {"selected_features": "array([ 4,  6, 10, 15, 17, 19, 20], dtype=int64)"}, "time": 1735500748.0685146}