{"duration": 5.922996759414673, "input_args": {"selected_features": "array([ 0,  1,  3,  4,  5,  6,  7,  8,  9, 10, 11, 13, 17, 18],\n      dtype=int64)"}, "time": 1735500847.7069929}