{"duration": 6.186925649642944, "input_args": {"selected_features": "array([ 0,  1,  3,  4,  5,  6,  8,  9, 10, 11, 17, 18], dtype=int64)"}, "time": 1735500835.6775973}