{"duration": 4.293846130371094, "input_args": {"selected_features": "array([ 4,  6,  7,  9, 11, 12, 15, 17, 18], dtype=int64)"}, "time": 1735501652.0045934}