{"duration": 4.191594362258911, "input_args": {"selected_features": "array([ 0,  3,  4,  5,  7,  9, 11, 12, 15, 16, 17, 20], dtype=int64)"}, "time": 1735501596.4154408}