{"duration": 4.884945631027222, "input_args": {"selected_features": "array([ 3,  5,  6,  7,  9, 10, 11, 12, 14, 15, 16, 17, 18, 19],\n      dtype=int64)"}, "time": 1735501498.4315538}