{"duration": 4.443230152130127, "input_args": {"selected_features": "array([ 3,  5,  7,  9, 10, 11, 12, 13, 14, 15, 16, 17, 18, 19],\n      dtype=int64)"}, "time": 1735501480.3090234}