{"duration": 5.280986547470093, "input_args": {"selected_features": "array([ 0,  1,  2,  4,  5,  7,  8, 17, 19, 20], dtype=int64)"}, "time": 1735500480.8826756}