{"duration": 4.567890644073486, "input_args": {"selected_features": "array([ 1, 10, 11, 13, 16, 17, 19, 20], dtype=int64)"}, "time": 1735500538.0584965}