{"duration": 5.170196294784546, "input_args": {"selected_features": "array([ 0,  3,  5,  6,  7,  8,  9, 10, 11, 12, 13, 16, 17, 19],\n      dtype=int64)"}, "time": 1735501257.5803852}