{"duration": 4.712942361831665, "input_args": {"selected_features": "array([ 0,  3,  5,  6,  7,  9, 10, 11, 15, 16, 17, 19], dtype=int64)"}, "time": 1735501545.3677635}