{"duration": 4.622267246246338, "input_args": {"selected_features": "array([ 3,  5,  6,  7,  9, 10, 11, 12, 14, 15, 16, 18, 19], dtype=int64)"}, "time": 1735501493.544609}