{"duration": 4.18929123878479, "input_args": {"selected_features": "array([ 4,  8,  9, 10, 12, 17], dtype=int64)"}, "time": 1735500668.3853383}