{"duration": 4.224823951721191, "input_args": {"selected_features": "array([ 1, 10, 11, 16, 17, 19], dtype=int64)"}, "time": 1735500546.4628685}