{"duration": 4.528056621551514, "input_args": {"selected_features": "array([ 4,  8,  9, 10, 12, 17, 19, 20], dtype=int64)"}, "time": 1735500659.4827232}