{"duration": 4.727167844772339, "input_args": {"selected_features": "array([ 0,  1,  9, 10, 11, 12, 14, 16, 17, 19], dtype=int64)"}, "time": 1735500564.623452}