{"duration": 4.839580059051514, "input_args": {"selected_features": "array([ 3,  4,  8,  9, 10, 15, 16, 17, 19], dtype=int64)"}, "time": 1735500696.363671}