{"duration": 4.176546335220337, "input_args": {"selected_features": "array([ 1, 10, 11, 13, 16, 17, 19], dtype=int64)"}, "time": 1735500542.2370412}