{"duration": 4.683946371078491, "input_args": {"selected_features": "array([ 3,  5,  6,  7,  9, 10, 11, 14, 15, 16, 17, 19], dtype=int64)"}, "time": 1735501507.9021072}