{"duration": 4.312948942184448, "input_args": {"selected_features": "array([ 0,  3,  4,  7,  9, 11, 12, 15, 16, 17, 20], dtype=int64)"}, "time": 1735501592.219845}