{"duration": 5.217782020568848, "input_args": {"selected_features": "array([ 0,  2,  3,  6,  7,  8, 11, 13, 14, 17, 18, 20], dtype=int64)"}, "time": 1735501364.320965}