{"duration": 5.070828676223755, "input_args": {"selected_features": "array([ 4,  7,  8,  9, 10, 13, 14, 17, 19, 20], dtype=int64)"}, "time": 1735500641.0951674}