{"duration": 4.284822463989258, "input_args": {"selected_features": "array([ 3,  5,  7,  8,  9, 11, 12, 17, 20], dtype=int64)"}, "time": 1735501302.5695405}