{"duration": 5.1763434410095215, "input_args": {"selected_features": "array([ 0,  1,  2,  5,  7,  8, 17, 19, 20], dtype=int64)"}, "time": 1735500486.061019}