{"duration": 4.520379543304443, "input_args": {"selected_features": "array([ 0,  1,  4,  9, 10, 12, 13, 14, 17, 19, 20], dtype=int64)"}, "time": 1735500606.9498441}