{"duration": 5.084518194198608, "input_args": {"selected_features": "array([ 0,  6,  7, 13, 15, 16, 17, 18, 19, 20], dtype=int64)"}, "time": 1735500423.065164}