{"duration": 4.148200273513794, "input_args": {"selected_features": "array([ 0,  2,  3,  7,  9, 10, 11, 17, 18, 20], dtype=int64)"}, "time": 1735501389.6479478}