{"duration": 4.231462240219116, "input_args": {"selected_features": "array([ 0,  3,  4,  5,  7,  9, 11, 15, 16, 17, 18, 20], dtype=int64)"}, "time": 1735501604.9640408}