{"duration": 3.994162082672119, "input_args": {"selected_features": "array([ 0,  3,  5,  7,  9, 11, 12, 16, 17, 20], dtype=int64)"}, "time": 1735501570.9992733}