{"duration": 5.040290355682373, "input_args": {"selected_features": "array([ 0,  2,  7,  8, 13, 16, 17, 18, 19, 20], dtype=int64)"}, "time": 1735500451.1241996}