{"duration": 4.072462320327759, "input_args": {"selected_features": "array([ 0,  3,  7,  9, 11, 12, 15, 16, 17, 20], dtype=int64)"}, "time": 1735501587.9058971}