{"duration": 4.317827463150024, "input_args": {"selected_features": "array([ 0,  3,  5,  7,  9, 10, 11, 12, 15, 16, 17, 19, 20], dtype=int64)"}, "time": 1735501558.7685306}