{"duration": 5.633005857467651, "input_args": {"selected_features": "array([ 0,  1,  3,  5,  6,  7,  8, 10, 11, 12, 14, 17], dtype=int64)"}, "time": 1735500883.500343}