{"duration": 4.187691688537598, "input_args": {"selected_features": "array([ 0,  3,  4,  5,  7,  9, 11, 15, 17, 18, 20], dtype=int64)"}, "time": 1735501609.1527324}