{"duration": 5.536879777908325, "input_args": {"selected_features": "array([ 0,  1,  6,  7, 12, 13, 15, 16, 17, 18, 19, 20], dtype=int64)"}, "time": 1735500412.4934964}