{"duration": 3.7473504543304443, "input_args": {"selected_features": "array([ 3,  7,  9, 11, 13, 17, 18, 20], dtype=int64)"}, "time": 1735501322.91741}