{"duration": 4.788752794265747, "input_args": {"selected_features": "array([ 3,  4,  8,  9, 10, 16, 17], dtype=int64)"}, "time": 1735500686.7815707}