{"duration": 4.082608699798584, "input_args": {"selected_features": "array([ 0,  3,  5,  7,  9, 11, 12, 16, 17, 19, 20], dtype=int64)"}, "time": 1735501566.9920335}