{"duration": 4.335049152374268, "input_args": {"selected_features": "array([ 1,  3,  4, 10, 15, 17, 19], dtype=int64)"}, "time": 1735500723.6282341}