{"duration": 4.50687837600708, "input_args": {"selected_features": "array([ 3,  4,  8,  9, 10, 15, 17, 19], dtype=int64)"}, "time": 1735500710.59192}