{"duration": 4.393011093139648, "input_args": {"selected_features": "array([ 0,  3,  5,  7,  8,  9, 11, 12, 16, 17, 20], dtype=int64)"}, "time": 1735501575.3942811}