{"duration": 4.366588115692139, "input_args": {"selected_features": "array([ 0,  2,  3,  5,  7,  9, 10, 11, 15, 17, 18, 20], dtype=int64)"}, "time": 1735501398.162239}