{"duration": 4.42815637588501, "input_args": {"selected_features": "array([ 3,  5,  6,  7,  9, 10, 11, 14, 16, 17, 19], dtype=int64)"}, "time": 1735501512.3322227}