{"duration": 4.277307748794556, "input_args": {"selected_features": "array([ 3,  4, 10, 15, 17, 19], dtype=int64)"}, "time": 1735500719.2911851}