{"duration": 4.419957637786865, "input_args": {"selected_features": "array([ 3,  4,  9, 10, 15, 17, 19], dtype=int64)"}, "time": 1735500715.0128782}