{"duration": 4.611377954483032, "input_args": {"selected_features": "array([ 4,  8,  9, 10, 13, 17, 19, 20], dtype=int64)"}, "time": 1735500650.1902738}