{"duration": 5.868615388870239, "input_args": {"selected_features": "array([ 0,  4,  5,  6,  8,  9, 10, 11, 14, 17], dtype=int64)"}, "time": 1735500811.4043372}