{"duration": 4.662852764129639, "input_args": {"selected_features": "array([ 1,  5, 10, 11, 13, 16, 17, 19, 20], dtype=int64)"}, "time": 1735500533.4886072}