{"duration": 5.9318437576293945, "input_args": {"selected_features": "array([ 0,  1,  3,  5,  6,  7,  8,  9, 10, 11, 12, 14, 17], dtype=int64)"}, "time": 1735500877.8653364}