{"duration": 4.365330696105957, "input_args": {"selected_features": "array([ 3,  5,  7,  9, 10, 11, 12, 13, 14, 15, 16, 17, 19], dtype=int64)"}, "time": 1735501475.86378}