{"duration": 6.134288311004639, "input_args": {"selected_features": "array([ 0,  1,  3,  5,  6,  7,  8,  9, 10, 11, 12, 13, 17], dtype=int64)"}, "time": 1735500865.8492596}