{"duration": 4.927230358123779, "input_args": {"selected_features": "array([ 0,  2,  7,  8, 16, 17, 18, 19, 20], dtype=int64)"}, "time": 1735500456.0534303}