{"duration": 4.5033440589904785, "input_args": {"selected_features": "array([ 0,  3,  4,  5,  7,  8,  9, 11, 15, 17, 18, 20], dtype=int64)"}, "time": 1735501613.6580753}