{"duration": 4.5032126903533936, "input_args": {"selected_features": "array([ 0,  3,  5,  7,  8,  9, 10, 11, 12, 13, 16, 17, 19], dtype=int64)"}, "time": 1735501252.4081938}