{"duration": 4.648485422134399, "input_args": {"selected_features": "array([ 1,  2,  5,  7,  8, 17, 19, 20], dtype=int64)"}, "time": 1735500490.7110085}