{"duration": 4.480874300003052, "input_args": {"selected_features": "array([ 0,  7, 13, 16, 17, 18, 19, 20], dtype=int64)"}, "time": 1735500432.3446972}