{"duration": 5.047698497772217, "input_args": {"selected_features": "array([ 5,  8, 10, 11, 13, 16, 17, 19, 20], dtype=int64)"}, "time": 1735500524.2378376}