{"duration": 4.781606197357178, "input_args": {"selected_features": "array([ 3,  5,  6,  7,  9, 10, 11, 14, 15, 16, 17, 18, 19], dtype=int64)"}, "time": 1735501503.2151613}