{"duration": 4.191927909851074, "input_args": {"selected_features": "array([ 3,  5,  7,  8,  9, 11, 12, 17], dtype=int64)"}, "time": 1735501298.283719}