{"duration": 5.373002052307129, "input_args": {"selected_features": "array([ 0,  4,  6,  8, 10, 11, 15, 17, 19], dtype=int64)"}, "time": 1735500781.8053842}