{"duration": 4.804975748062134, "input_args": {"selected_features": "array([ 1,  2,  5,  7,  8, 10, 17, 19, 20], dtype=int64)"}, "time": 1735500495.5169728}