{"duration": 5.666651725769043, "input_args": {"selected_features": "array([ 0,  1,  5,  6,  7, 12, 13, 15, 16, 17, 18, 19, 20], dtype=int64)"}, "time": 1735500406.953622}