{"duration": 4.260854244232178, "input_args": {"selected_features": "array([ 0,  3,  5,  7,  8, 11, 13, 17, 18, 20], dtype=int64)"}, "time": 1735501340.0389102}