{"duration": 3.8049607276916504, "input_args": {"selected_features": "array([ 0,  2,  3,  7, 11, 17, 18, 20], dtype=int64)"}, "time": 1735501381.572475}