{"duration": 4.671888589859009, "input_args": {"selected_features": "array([ 3,  5,  6,  7,  9, 10, 11, 13, 16, 17, 19], dtype=int64)"}, "time": 1735501521.6692839}