{"duration": 5.97834324836731, "input_args": {"selected_features": "array([ 0,  4,  5,  6,  8,  9, 10, 11, 14, 17, 18], dtype=int64)"}, "time": 1735500817.3846807}