{"duration": 4.408936262130737, "input_args": {"selected_features": "array([ 0,  2,  7, 13, 16, 17, 18, 19, 20], dtype=int64)"}, "time": 1735500446.0819075}