{"duration": 4.7956743240356445, "input_args": {"selected_features": "array([ 0,  7, 13, 15, 16, 17, 18, 19, 20], dtype=int64)"}, "time": 1735500427.861832}