{"duration": 4.311414480209351, "input_args": {"selected_features": "array([ 0,  3,  5,  7,  9, 10, 11, 15, 17, 18, 20], dtype=int64)"}, "time": 1735501402.4756649}