{"duration": 3.303441286087036, "input_args": {"selected_features": "array([ 6,  9, 12, 15, 16, 17], dtype=int64)"}, "time": 1735501669.2143877}