{"duration": 6.081232309341431, "input_args": {"selected_features": "array([ 0,  1,  3,  5,  6,  7,  8,  9, 10, 11, 12, 13, 14, 17],\n      dtype=int64)"}, "time": 1735500871.932492}