{"duration": 4.309919595718384, "input_args": {"selected_features": "array([ 6,  8, 12, 15, 16, 17], dtype=int64)"}, "time": 1735501676.4487498}