{"duration": 5.48359227180481, "input_args": {"selected_features": "array([ 0,  1,  6,  7, 13, 15, 16, 17, 18, 19, 20], dtype=int64)"}, "time": 1735500417.9790933}