{"duration": 4.709326267242432, "input_args": {"selected_features": "array([ 4,  8,  9, 10, 12, 17, 19], dtype=int64)"}, "time": 1735500664.1940484}